,coef,std_err,t,p
codebleu,51.632390828672115,8.375660430879886,6.164575468975643,7.857130752343991e-10
ngram_match_score,-6.748418844000551,6.155038762121227,-1.0964055800153607,0.2729754837452681
weighted_ngram_match_score,0.3153539578868856,6.5981988782999546,0.04779394554535426,0.9618831427109513
syntax_match_score,-19.821989798837496,3.1392410398278354,-6.3142618063901805,3.0493737093433716e-10
dataflow_match_score,9.161712022916484,2.1944920817995124,4.174866748848672,3.052986188224822e-05
rouge1,153.12149811986995,127.04247401711926,1.2052779930847102,0.2281761109301445
rouge2,-2.168735175055095,8.334653640021758,-0.2602069946423633,0.7947191572519435
rougeL,12.834574089106372,7.089993561826086,1.8102377635729083,0.07034320499084826
rougeLsum,-144.0186448320083,128.20986941977247,-1.1233038882558741,0.26138419774683813
