model,system,round,token_seq,char_seq,token_jaccard,rouge1,rouge2,rougeL,syntax_ok
qwen3-32b-baseline,art,first,0.3132780082987552,0.3456334563345633,0.23809523809523808,0.38394415357766143,0.14711033274956217,0.24432809773123906,1
qwen3-32b-baseline,art,second,1.0,1.0,1.0,1.0,1.0,1.0,1
qwen3-32b-baseline,art,third,0.9806138933764136,0.9855381336580911,1.0,1.0,0.9922879177377892,0.9846153846153847,1
qwen3-32b-baseline,beam,first,0.34046193327630453,0.4274564738843306,0.21761658031088082,0.4,0.1262135922330097,0.2645161290322581,1
qwen3-32b-baseline,beam,second,0.8948824343015215,0.8803496081977095,0.8888888888888888,0.9429657794676806,0.8716645489199492,0.8948035487959441,1
qwen3-32b-baseline,beam,third,0.9908616187989556,0.9704535996670828,0.9635036496350365,0.9891172914147521,0.9696969696969697,0.9842805320435309,1
qwen3-32b-baseline,buckling,first,0.10936591041303083,0.19777123094658638,0.16967509025270758,0.2987551867219917,0.10395010395010394,0.19294605809128632,1
qwen3-32b-baseline,buckling,second,1.0,0.993142320338187,1.0,1.0,1.0,1.0,1
qwen3-32b-baseline,buckling,third,0.88,0.9435622728142338,0.6747967479674797,0.8315467075038284,0.6518404907975461,0.8070444104134763,1
qwen3-32b-baseline,cable,first,0.4405506883604506,0.44502481065552363,0.2967741935483871,0.48130841121495327,0.22535211267605634,0.3551401869158879,1
qwen3-32b-baseline,cable,second,1.0,0.9946629768728997,1.0,1.0,1.0,1.0,1
qwen3-32b-baseline,cable,third,0.5930599369085173,0.6322757931551336,0.7542857142857143,0.6972477064220184,0.5977011494252873,0.6307339449541284,1
qwen3-32b-baseline,camera,first,0.2575039494470774,0.30509005481597495,0.25892857142857145,0.37720488466757124,0.14693877551020407,0.24423337856173677,1
qwen3-32b-baseline,camera,second,0.9419795221843004,0.934017971758665,0.9876543209876543,0.9953917050691244,0.9861431870669746,0.9101382488479263,1
qwen3-32b-baseline,camera,third,0.9177377892030848,0.8967642526964561,0.91875,0.966740576496674,0.9466666666666667,0.8802660753880266,1
qwen3-32b-baseline,citybus,first,0.2735562310030395,0.23775100401606425,0.21025641025641026,0.36706689536878223,0.1308089500860585,0.20926243567753003,1
qwen3-32b-baseline,citybus,second,0.9700315457413249,0.9532996478334099,0.9411764705882353,0.97,0.9523809523809523,0.9675,1
qwen3-32b-baseline,citybus,third,0.9983579638752053,0.9970692580595404,0.9866666666666667,0.9974293059125964,0.9948453608247423,0.9974293059125964,1
qwen3-32b-baseline,curiosity,first,0.3841676367869616,0.38966517268652784,0.2732919254658385,0.5364806866952789,0.21120689655172412,0.33905579399141633,1
qwen3-32b-baseline,curiosity,second,0.9438444924406048,0.9346504559270516,0.9174311926605505,0.9372549019607842,0.8700787401574802,0.9137254901960785,1
qwen3-32b-baseline,curiosity,third,0.8442687747035573,0.7780454232622162,0.6589595375722543,0.8306010928961748,0.7589041095890412,0.7923497267759564,1
qwen3-32b-baseline,feda,first,0.31722880583409296,0.3252364175783423,0.22439024390243903,0.34822804314329736,0.1267387944358578,0.2218798151001541,1
qwen3-32b-baseline,feda,second,0.8644793152639088,0.9031594415870683,0.8727272727272727,0.8991494532199271,0.8672350791717417,0.8845686512758202,1
qwen3-32b-baseline,feda,third,0.7404255319148936,0.7822048398924468,0.7688442211055276,0.8645418326693226,0.7984031936127745,0.7649402390438247,0
qwen3-32b-baseline,gator,first,0.3430232558139535,0.40778210116731517,0.24752475247524752,0.42071197411003236,0.1590909090909091,0.26860841423948223,0
qwen3-32b-baseline,gator,second,0.9100286532951289,0.9385944431473267,0.8372093023255814,0.8851224105461393,0.8339622641509434,0.8813559322033897,1
qwen3-32b-baseline,gator,third,0.9983416252072969,0.9989047097480832,0.993006993006993,0.9973614775725593,0.9947089947089947,0.9973614775725593,1
qwen3-32b-baseline,gear,first,0.16789396170839468,0.28630604288499023,0.20118343195266272,0.3451776649746193,0.11195928753180662,0.2715736040609137,1
qwen3-32b-baseline,gear,second,1.0,0.8003683618131587,1.0,1.0,1.0,1.0,1
qwen3-32b-baseline,gear,third,0.9239904988123515,0.8680471724394094,0.8289473684210527,0.9291228070175439,0.8882642304989459,0.9164912280701756,1
qwen3-32b-baseline,gps_imu,first,0.3987823439878234,0.3814820381782654,0.27232142857142855,0.43791722296395186,0.1606425702811245,0.2883845126835782,1
qwen3-32b-baseline,gps_imu,second,0.8563151796060255,0.8681629984746132,0.8480392156862745,0.9037735849056604,0.8431001890359168,0.8339622641509434,1
qwen3-32b-baseline,gps_imu,third,0.9570354457572503,0.9651295930051005,0.9428571428571428,0.9760425909494232,0.9617777777777777,0.9547471162377994,1
qwen3-32b-baseline,handler,first,0.20564971751412428,0.20551496582606646,0.35443037974683544,0.5167652859960552,0.26930693069306927,0.35897435897435903,1
qwen3-32b-baseline,handler,second,0.9859154929577465,0.9932716568544996,0.9913793103448276,0.9909255898366606,0.9872495446265939,0.9909255898366606,1
qwen3-32b-baseline,handler,third,0.7424798239178283,0.775954608188928,0.6703296703296703,0.8290155440414508,0.7298701298701298,0.7435233160621761,1
qwen3-32b-baseline,hmmwv,first,0.2979942693409742,0.38805379746835444,0.1971153846153846,0.40066225165562913,0.1395348837209302,0.2649006622516556,1
qwen3-32b-baseline,hmmwv,second,0.7676240208877284,0.7878869812085981,0.6746411483253588,0.8227571115973742,0.7412280701754387,0.7680525164113785,1
qwen3-32b-baseline,hmmwv,third,0.8033707865168539,0.8144159072079536,0.850828729281768,0.9264367816091955,0.8571428571428571,0.806896551724138,1
qwen3-32b-baseline,kraz,first,0.2678185745140389,0.3032570422535211,0.2011173184357542,0.3754512635379062,0.1449275362318841,0.2635379061371841,1
qwen3-32b-baseline,kraz,second,0.8042488619119879,0.7890014471780029,0.8220858895705522,0.8440797186400937,0.7685076380728554,0.7784290738569755,1
qwen3-32b-baseline,kraz,third,0.6568396226415094,0.673047304730473,0.6798029556650246,0.8133704735376046,0.6790697674418604,0.7168059424326834,1
qwen3-32b-baseline,lidar,first,0.3206751054852321,0.33816425120772947,0.25773195876288657,0.451077943615257,0.19301164725457567,0.3018242122719734,1
qwen3-32b-baseline,lidar,second,0.8958333333333334,0.9075173593639931,0.8757396449704142,0.8909952606635072,0.8528015194681862,0.8701421800947868,1
qwen3-32b-baseline,lidar,third,0.7263843648208469,0.7536307961504812,0.5800865800865801,0.7645051194539249,0.6854700854700854,0.713310580204778,1
qwen3-32b-baseline,m113,first,0.2802030456852792,0.28317853457172343,0.185,0.3648648648648649,0.12203389830508475,0.2364864864864865,1
qwen3-32b-baseline,m113,second,0.8919135308246597,0.8844691430242761,0.8208092485549133,0.9238709677419356,0.8822768434670116,0.8980645161290323,1
qwen3-32b-baseline,m113,third,0.8762306610407876,0.905107490072573,0.9345238095238095,0.9598163030998853,0.9298043728423475,0.8932261768082663,1
qwen3-32b-baseline,man,first,0.2621082621082621,0.3075103489059728,0.26570048309178745,0.4090177133655394,0.11954765751211631,0.2028985507246377,1
qwen3-32b-baseline,man,second,0.9552481692432873,0.9622963537626067,0.910828025477707,0.9484536082474228,0.9328165374677002,0.9432989690721649,1
qwen3-32b-baseline,man,third,0.6677814938684504,0.6926786497150372,0.7261410788381742,0.8630259623992838,0.7515695067264573,0.7072515666965085,1
qwen3-32b-baseline,mass_spring_damper,first,0.3565459610027855,0.5091825711199136,0.30578512396694213,0.38860103626943004,0.140625,0.2849740932642487,1
qwen3-32b-baseline,mass_spring_damper,second,0.8497246262785209,0.8057088487155091,0.8952380952380953,0.9416553595658073,0.889795918367347,0.841248303934871,1
qwen3-32b-baseline,mass_spring_damper,third,0.7729468599033816,0.7607773851590106,0.9139784946236559,0.991812865497076,0.977725674091442,0.7555555555555555,1
qwen3-32b-baseline,particles,first,0.12060301507537688,0.17452267303102625,0.17307692307692307,0.250632911392405,0.0685279187817259,0.1468354430379747,1
qwen3-32b-baseline,particles,second,0.8369987063389392,0.8450776537029906,0.9482758620689655,0.9519230769230769,0.9108433734939759,0.8293269230769231,1
qwen3-32b-baseline,particles,third,0.9298339582217461,0.9436762225969646,0.9392265193370166,0.9526686807653575,0.9243188698284561,0.9144008056394763,1
qwen3-32b-baseline,pendulum,first,0.4075471698113208,0.39469026548672564,0.2602739726027397,0.3839285714285714,0.12556053811659193,0.28125,1
qwen3-32b-baseline,pendulum,second,0.933920704845815,0.9272581934452439,0.8666666666666667,0.9292543021032504,0.836852207293666,0.9024856596558318,1
qwen3-32b-baseline,pendulum,third,0.8990384615384616,0.9156435643564357,0.9038461538461539,0.9435483870967742,0.862533692722372,0.8709677419354839,1
qwen3-32b-baseline,rigid_highway,first,0.27353463587921845,0.32439910081272694,0.18421052631578946,0.4215116279069767,0.12536443148688045,0.24127906976744184,1
qwen3-32b-baseline,rigid_highway,second,0.9345670852610707,0.9282753422936817,0.930635838150289,0.918580375782881,0.9037656903765691,0.918580375782881,1
qwen3-32b-baseline,rigid_highway,third,0.9686304514154552,0.9811916726489591,0.9810126582278481,0.9866342648845686,0.9792935444579781,0.976913730255164,1
qwen3-32b-baseline,rigid_multipatches,first,0.367816091954023,0.35039693402682726,0.24336283185840707,0.4296116504854369,0.1678832116788321,0.31796116504854366,1
qwen3-32b-baseline,rigid_multipatches,second,0.9198919891989199,0.9024349842637072,0.924812030075188,0.9445324881141046,0.8934817170111288,0.919175911251981,1
qwen3-32b-baseline,rigid_multipatches,third,1.0,0.9683764940239044,1.0,1.0,1.0,1.0,1
qwen3-32b-baseline,rotor,first,0.2317922735908803,0.3163641729378781,0.19574468085106383,0.3071593533487298,0.09722222222222222,0.22170900692840648,1
qwen3-32b-baseline,rotor,second,0.992638036809816,0.9782316581564096,0.967948717948718,0.9896907216494845,0.9804822043628014,0.9896907216494845,1
qwen3-32b-baseline,rotor,third,0.8868312757201646,0.9309906369205873,0.8941798941798942,0.9419600380589915,0.8560533841754052,0.8905803996194099,1
qwen3-32b-baseline,scm,first,0.24681684622918706,0.32658856940007097,0.1724137931034483,0.3401574803149606,0.09162717219589259,0.22992125984251968,1
qwen3-32b-baseline,scm,second,0.6959752321981424,0.6775869859918663,0.7487179487179487,0.8535645472061657,0.7548262548262549,0.7032755298651253,1
qwen3-32b-baseline,scm,third,0.7443897099069513,0.809694598413216,0.7229437229437229,0.8179322964318388,0.7369385884509625,0.7465690759377859,1
qwen3-32b-baseline,scm_hill,first,0.25929283771532186,0.2840108401084011,0.20982142857142858,0.36858006042296076,0.11515151515151514,0.2205438066465257,1
qwen3-32b-baseline,scm_hill,second,0.7280701754385965,0.7333892265772375,0.7689075630252101,0.8746618575293057,0.7985546522131888,0.7249774571686203,1
qwen3-32b-baseline,scm_hill,third,0.9311531841652324,0.9444354968593976,0.8986486486486487,0.9394347240915208,0.9041835357624832,0.936742934051144,1
qwen3-32b-baseline,sedan,first,0.3029162746942615,0.3747831116252169,0.225,0.4091653027823241,0.16091954022988506,0.2520458265139116,1
qwen3-32b-baseline,sedan,second,0.7429322813938198,0.749968792909749,0.8271604938271605,0.8045977011494253,0.6680628272251308,0.7711598746081504,1
qwen3-32b-baseline,sedan,third,0.7700258397932817,0.770096262032754,0.6409090909090909,0.7916251246261217,0.6973026973026973,0.7377866400797608,1
qwen3-32b-baseline,sensros,first,0.39436619718309857,0.39050942079553386,0.25118483412322273,0.40276179516685845,0.19377162629757785,0.32220943613348674,1
qwen3-32b-baseline,sensros,second,0.9396825396825397,0.9427014841254931,0.907103825136612,0.9483568075117371,0.9153605015673982,0.9374021909233177,1
qwen3-32b-baseline,sensros,third,0.9959659345584939,0.9932149828050935,1.0,0.9953416149068323,0.9922239502332815,0.9953416149068323,1
qwen3-32b-baseline,slider_crank,first,0.3344262295081967,0.4184943687018376,0.2751677852348993,0.4111888111888112,0.13744740532959326,0.27412587412587414,1
qwen3-32b-baseline,slider_crank,second,0.7484276729559748,0.7473479754967877,0.6010928961748634,0.8338692390139335,0.7669172932330827,0.7802786709539121,1
qwen3-32b-baseline,slider_crank,third,0.9846368715083799,0.9246146027443672,0.9185185185185185,0.9766871165644173,0.9544895448954489,0.9742331288343558,1
qwen3-32b-baseline,tablecloth,first,0.39779005524861877,0.38837081733406476,0.30049261083743845,0.38904109589041097,0.1401098901098901,0.2684931506849315,1
qwen3-32b-baseline,tablecloth,second,0.8276255707762558,0.784377923292797,0.9112426035502958,0.8983218163869693,0.8328387734915924,0.8213228035538006,1
qwen3-32b-baseline,tablecloth,third,0.9966592427616926,0.998560194927456,0.9760479041916168,0.9939759036144579,0.9879275653923542,0.9939759036144579,1
qwen3-32b-baseline,turtlebot,first,0.5237483953786907,0.4963546223388743,0.375886524822695,0.5215419501133787,0.3006833712984055,0.4081632653061224,1
qwen3-32b-baseline,turtlebot,second,0.8963531669865643,0.8997008973080758,0.8931297709923665,0.9173166926677067,0.8607198748043818,0.8829953198127926,1
qwen3-32b-baseline,turtlebot,third,0.6764119601328904,0.700401376146789,0.7061855670103093,0.8215859030837004,0.7086092715231788,0.6563876651982379,1
qwen3-32b-baseline,uazbus,first,0.2456778889899909,0.3203416978109984,0.21568627450980393,0.41297935103244837,0.14792899408284022,0.23598820058997047,0
qwen3-32b-baseline,uazbus,second,0.8401759530791789,0.8513867807368566,0.8263473053892215,0.8631346578366446,0.7588495575221239,0.8233995584988962,1
qwen3-32b-baseline,uazbus,third,0.8910593538692713,0.9178062049698573,0.9556962025316456,0.9685230024213076,0.9490291262135923,0.9079903147699758,1
qwen3-32b-baseline,veh_app,first,0.1987794245858762,0.33937153419593347,0.2850467289719626,0.45757575757575764,0.11854103343465044,0.2181818181818182,1
qwen3-32b-baseline,veh_app,second,0.8927704997573993,0.8911261027503892,0.8391304347826087,0.9194630872483222,0.8672268907563024,0.8791946308724832,1
qwen3-32b-baseline,veh_app,third,0.8460236886632826,0.855392377691684,0.9128630705394191,0.964549483013294,0.9289940828402367,0.8552437223042836,1
qwen3-32b-baseline,vehros,first,0.44345238095238093,0.4439319688671087,0.2536231884057971,0.4873096446700507,0.23979591836734696,0.37563451776649753,1
qwen3-32b-baseline,vehros,second,0.7274206672091131,0.7813229571984436,0.8193548387096774,0.8972503617945007,0.8359941944847605,0.743849493487699,1
qwen3-32b-baseline,vehros,third,0.7434025828186412,0.7690262545696245,0.8095238095238095,0.9216867469879518,0.8490945674044266,0.7710843373493976,1
qwen3-32b-baseline,viper,first,0.4811443433029909,0.4723117491942572,0.33783783783783783,0.5505882352941176,0.30260047281323876,0.44705882352941173,1
qwen3-32b-baseline,viper,second,0.9738562091503268,0.9621056561508307,1.0,1.0,0.9771428571428571,0.9686609686609686,1
qwen3-32b-baseline,viper,third,0.9017199017199017,0.861995753715499,0.773109243697479,0.8898488120950323,0.8459869848156182,0.8812095032397407,1
sft-task-32b-3156659,art,first,0.39920948616600793,0.3721016508996476,0.3333333333333333,0.5631067961165048,0.2824675324675325,0.3495145631067961,1
sft-task-32b-3156659,art,second,1.0,0.9987830848798296,1.0,1.0,1.0,1.0,1
sft-task-32b-3156659,art,third,0.9789644012944984,0.9846106963278989,1.0,1.0,0.9922879177377892,0.9846153846153847,1
sft-task-32b-3156659,beam,first,0.43870967741935485,0.34967928822677424,0.3473053892215569,0.4662162162162162,0.2271186440677966,0.29729729729729726,1
sft-task-32b-3156659,beam,second,0.6634146341463415,0.7412901000344947,0.8129496402877698,0.817109144542773,0.7396449704142012,0.7315634218289085,1
sft-task-32b-3156659,beam,third,0.9947780678851175,0.953859299344916,0.9779411764705882,0.9963724304715841,0.9842424242424243,0.9915356711003627,1
sft-task-32b-3156659,buckling,first,0.17258261933904528,0.1836602156124172,0.2413793103448276,0.3081761006289308,0.15546218487394958,0.18867924528301888,1
sft-task-32b-3156659,buckling,second,1.0,0.993142320338187,1.0,1.0,1.0,1.0,1
sft-task-32b-3156659,buckling,third,0.8582923558337059,0.9128622661626442,0.6585365853658537,0.8102246320681642,0.6252909231962762,0.785437645236251,1
sft-task-32b-3156659,cable,first,0.3307943416757345,0.3178451178451178,0.25136612021857924,0.41406249999999994,0.19215686274509808,0.3046875,1
sft-task-32b-3156659,cable,second,1.0,0.9942699071329777,1.0,1.0,1.0,1.0,1
sft-task-32b-3156659,cable,third,0.6028537455410226,0.5908282971916103,0.6963350785340314,0.6852846401718583,0.5468245425188375,0.5972073039742213,1
sft-task-32b-3156659,camera,first,0.29635761589403975,0.34984158746039684,0.291866028708134,0.4213483146067416,0.1915492957746479,0.2668539325842697,1
sft-task-32b-3156659,camera,second,0.9419795221843004,0.9352185089974293,0.9876543209876543,0.9953917050691244,0.9861431870669746,0.9101382488479263,1
sft-task-32b-3156659,camera,third,0.9244911359159553,0.8841879769714821,0.9363057324840764,0.9830124575311439,0.9670828603859252,0.8946772366930917,1
sft-task-32b-3156659,citybus,first,0.44969199178644764,0.4171322160148976,0.30337078651685395,0.4826388888888889,0.21951219512195122,0.32291666666666663,1
sft-task-32b-3156659,citybus,second,0.9703588143525741,0.9622497325385908,0.9545454545454546,0.9699248120300752,0.9623115577889447,0.9699248120300752,1
sft-task-32b-3156659,citybus,third,0.9967105263157895,0.997992277992278,0.9866666666666667,0.9974293059125964,0.9948453608247423,0.9974293059125964,1
sft-task-32b-3156659,curiosity,first,0.4141791044776119,0.4129780833691448,0.32894736842105265,0.43518518518518523,0.25077399380804954,0.3271604938271605,1
sft-task-32b-3156659,curiosity,second,0.962882096069869,0.9686284677210267,0.9357798165137615,0.9546351084812624,0.902970297029703,0.9388560157790927,1
sft-task-32b-3156659,curiosity,third,0.7200622083981337,0.6721649484536083,0.7108433734939759,0.8517006802721089,0.7776261937244202,0.6993197278911564,1
sft-task-32b-3156659,feda,first,0.3760848601735776,0.35430891308359475,0.31216931216931215,0.5590062111801242,0.2367601246105919,0.33540372670807456,1
sft-task-32b-3156659,feda,second,0.8997739261492087,0.9186186186186186,0.8224852071005917,0.9086357947434291,0.8607277289836889,0.8936170212765957,1
sft-task-32b-3156659,feda,third,0.7566204287515763,0.7952291274325173,0.7577319587628866,0.8597938144329897,0.7954545454545454,0.7814432989690722,1
sft-task-32b-3156659,gator,first,0.3881511746680286,0.3558451816745656,0.378698224852071,0.5119453924914676,0.21232876712328766,0.33105802047781574,1
sft-task-32b-3156659,gator,second,0.6017874875868917,0.652698282910875,0.6889952153110048,0.7229676400947119,0.6608695652173913,0.675611681136543,1
sft-task-32b-3156659,gator,third,0.9883720930232558,0.9817150063051703,1.0,1.0,0.9920634920634921,0.9894459102902374,1
sft-task-32b-3156659,gear,first,0.3483670295489891,0.30066530194472874,0.3356164383561644,0.4049247606019151,0.17558299039780523,0.29822161422708615,1
sft-task-32b-3156659,gear,second,1.0,0.804915514592934,1.0,1.0,1.0,1.0,1
sft-task-32b-3156659,gear,third,0.8758376034686638,0.8678028558268079,0.7544910179640718,0.9020152883947186,0.8517745302713987,0.8742182070882557,1
sft-task-32b-3156659,gps_imu,first,0.27556200145032633,0.36695123715815364,0.329004329004329,0.5359801488833748,0.26616915422885573,0.3052109181141439,1
sft-task-32b-3156659,gps_imu,second,0.898050139275766,0.8887734967286323,0.905940594059406,0.9435989256938226,0.8968609865470851,0.8845120859444942,1
sft-task-32b-3156659,gps_imu,third,0.9417372881355932,0.937493563999588,0.9259259259259259,0.9745836985100789,0.9482001755926251,0.9412795793163892,1
sft-task-32b-3156659,handler,first,0.4155251141552511,0.25811173456940717,0.36054421768707484,0.5696969696969697,0.27180527383367137,0.3717171717171717,1
sft-task-32b-3156659,handler,second,0.978,0.9905640595512686,0.9827586206896551,0.9909584086799277,0.9764065335753176,0.9909584086799277,1
sft-task-32b-3156659,handler,third,0.8203240058910162,0.8241541495979365,0.7528735632183908,0.874015748031496,0.7684210526315789,0.7926509186351706,1
sft-task-32b-3156659,hmmwv,first,0.33657587548638135,0.253942902775005,0.2358974358974359,0.4152823920265781,0.18333333333333332,0.26910299003322263,1
sft-task-32b-3156659,hmmwv,second,0.7667560321715817,0.7968039674886348,0.6473429951690821,0.8245810055865922,0.7413213885778275,0.7776536312849163,1
sft-task-32b-3156659,hmmwv,third,0.7848797250859106,0.7986449864498645,0.9017341040462428,0.9234234234234233,0.8352144469525961,0.7882882882882883,1
sft-task-32b-3156659,kraz,first,0.43775100401606426,0.3788402848423194,0.27717391304347827,0.5132450331125827,0.2691029900332226,0.3344370860927152,1
sft-task-32b-3156659,kraz,second,0.8242612752721618,0.8148590183499925,0.8404907975460123,0.8453105968331303,0.7936507936507937,0.7892813641900122,1
sft-task-32b-3156659,kraz,third,0.7375971309025703,0.773163652601027,0.6666666666666666,0.8412098298676748,0.6837121212121212,0.7485822306238186,1
sft-task-32b-3156659,lidar,first,0.3255360623781676,0.37786774628879893,0.30097087378640774,0.4845679012345679,0.22291021671826625,0.3179012345679012,0
sft-task-32b-3156659,lidar,second,0.9006451612903226,0.8867943858211249,0.8713450292397661,0.8820224719101124,0.8367729831144466,0.8726591760299626,1
sft-task-32b-3156659,lidar,third,0.7323943661971831,0.7888052681091251,0.5983606557377049,0.8042977743668458,0.6994619523443505,0.7367613200306983,1
sft-task-32b-3156659,m113,first,0.4111627906976744,0.4085432639649507,0.32642487046632124,0.6052227342549923,0.3359013867488444,0.34101382488479265,1
sft-task-32b-3156659,m113,second,0.8409090909090909,0.83429089809495,0.7415730337078652,0.8650793650793651,0.7877984084880637,0.8174603174603174,1
sft-task-32b-3156659,m113,third,0.8811881188118812,0.9099669603524229,0.9341317365269461,0.9631336405529954,0.930715935334873,0.8963133640552995,1
sft-task-32b-3156659,man,first,0.35535714285714287,0.36206299757701627,0.3283582089552239,0.5240963855421688,0.2719033232628399,0.31024096385542166,1
sft-task-32b-3156659,man,second,0.9452495974235104,0.9383593387919048,0.8895705521472392,0.9545454545454546,0.9189873417721518,0.9393939393939393,1
sft-task-32b-3156659,man,third,0.660460021905805,0.6905101481075151,0.7107438016528925,0.8375,0.7584973166368515,0.6892857142857143,1
sft-task-32b-3156659,mass_spring_damper,first,0.46035805626598464,0.3578541599743013,0.384,0.46511627906976744,0.22429906542056074,0.3069767441860465,1
sft-task-32b-3156659,mass_spring_damper,second,0.7671875,0.717088969327491,0.897196261682243,0.9596774193548387,0.9110512129380054,0.75,1
sft-task-32b-3156659,mass_spring_damper,third,0.9813407049067036,0.9879816189466243,0.9032258064516129,0.9824561403508772,0.9683470105509966,0.9730994152046785,1
sft-task-32b-3156659,particles,first,0.251792828685259,0.2808931310720982,0.23008849557522124,0.31504922644163147,0.1325811001410437,0.1828410689170183,1
sft-task-32b-3156659,particles,second,0.8459099556119214,0.8522467631378522,0.9375,0.9575471698113208,0.91725768321513,0.820754716981132,1
sft-task-32b-3156659,particles,third,0.9289909236518954,0.9413611391411594,0.9395604395604396,0.9598393574297188,0.9336016096579477,0.9136546184738956,1
sft-task-32b-3156659,pendulum,first,0.4966887417218543,0.5106148331954784,0.381294964028777,0.5019920318725101,0.232,0.42231075697211157,1
sft-task-32b-3156659,pendulum,second,0.8631138975966562,0.871193210184723,0.8333333333333334,0.8892921960072595,0.8123861566484517,0.8529945553539021,1
sft-task-32b-3156659,pendulum,third,0.9683885890516577,0.9788472734329516,0.9603960396039604,0.9647058823529412,0.9252948885976409,0.9620915032679738,1
sft-task-32b-3156659,rigid_highway,first,0.35386119257087,0.33447715369333575,0.3197969543147208,0.46614173228346456,0.17377567140600317,0.30236220472440944,1
sft-task-32b-3156659,rigid_highway,second,0.94141689373297,0.9443718986680596,0.9526627218934911,0.9513513513513513,0.9317443120260022,0.9297297297297298,1
sft-task-32b-3156659,rigid_highway,third,0.9678899082568807,0.9767043018436473,0.95625,0.9817739975698663,0.9719853836784409,0.976913730255164,1
sft-task-32b-3156659,rigid_multipatches,first,0.4417831004657352,0.41995490417136416,0.29357798165137616,0.4741275571600482,0.26537997587454765,0.3778580024067389,1
sft-task-32b-3156659,rigid_multipatches,second,0.8971119133574007,0.8926085515412662,0.917910447761194,0.9419152276295133,0.8755905511811025,0.8854003139717426,1
sft-task-32b-3156659,rigid_multipatches,third,0.9687108886107635,0.9436076185733848,1.0,1.0,0.9912472647702407,0.9694323144104804,1
sft-task-32b-3156659,rotor,first,0.394856278366112,0.31026640675763484,0.26976744186046514,0.42391304347826086,0.16893732970027248,0.3016304347826087,1
sft-task-32b-3156659,rotor,second,0.996319018404908,0.9648731530526903,0.9870967741935484,0.9977116704805492,0.9908256880733946,0.9908466819221968,1
sft-task-32b-3156659,rotor,third,0.8382045929018789,0.8288782816229117,0.8888888888888888,0.9499036608863197,0.8494208494208494,0.8439306358381503,1
sft-task-32b-3156659,scm,first,0.3817663817663818,0.4039648400972508,0.3,0.46815286624203817,0.23642172523961663,0.2802547770700637,1
sft-task-32b-3156659,scm,second,0.7470355731225297,0.6939990838295923,0.7602040816326531,0.7820773930753565,0.7326530612244899,0.745417515274949,1
sft-task-32b-3156659,scm,third,0.6250678241996744,0.6570919617011801,0.7081545064377682,0.8185961713764813,0.7105022831050228,0.6636280765724704,0
sft-task-32b-3156659,scm_hill,first,0.2730496453900709,0.27911018421967326,0.20909090909090908,0.4355555555555556,0.12481426448736999,0.26666666666666666,1
sft-task-32b-3156659,scm_hill,second,0.76473769605192,0.721616760131203,0.7468879668049793,0.8701880035810207,0.7946188340807174,0.7591763652641004,0
sft-task-32b-3156659,scm_hill,third,0.9349112426035503,0.941738299904489,0.9047619047619048,0.9504685408299866,0.9234899328859062,0.9344042838018741,1
sft-task-32b-3156659,sedan,first,0.44169096209912534,0.4341178234147804,0.3521739130434783,0.5018359853121175,0.294478527607362,0.31334149326805383,1
sft-task-32b-3156659,sedan,second,0.8483709273182958,0.8724926686217008,0.8143712574850299,0.8175609756097562,0.729227761485826,0.7941463414634147,1
sft-task-32b-3156659,sedan,third,0.8065201984408221,0.7851373182552503,0.6699029126213593,0.8429035752979414,0.7470141150922911,0.7735644637053086,1
sft-task-32b-3156659,sensros,first,0.40545567265964044,0.27967566130533034,0.32673267326732675,0.43318965517241376,0.21166306695464365,0.3254310344827586,1
sft-task-32b-3156659,sensros,second,0.9685251798561151,0.9764353843276604,0.9325842696629213,0.965625,0.9420970266040688,0.9625,1
sft-task-32b-3156659,sensros,third,0.9896068685042928,0.9914658163743787,0.9827586206896551,0.985121378230227,0.9772549019607844,0.985121378230227,1
sft-task-32b-3156659,slider_crank,first,0.4888888888888889,0.38619521490578024,0.4094488188976378,0.5219941348973608,0.28235294117647064,0.3519061583577713,1
sft-task-32b-3156659,slider_crank,second,0.8205470313542361,0.8049091488683455,0.6826347305389222,0.8792710706150343,0.8356164383561644,0.8314350797266513,1
sft-task-32b-3156659,slider_crank,third,0.9846368715083799,0.9272328212054702,0.9111111111111111,0.9816849816849818,0.9620563035495716,0.9792429792429793,1
sft-task-32b-3156659,tablecloth,first,0.4115702479338843,0.40361209265802905,0.33157894736842103,0.3941176470588236,0.1592920353982301,0.29117647058823526,1
sft-task-32b-3156659,tablecloth,second,0.7807486631016043,0.7531448355452972,0.8735632183908046,0.869399428026692,0.7908309455587392,0.7931363203050523,1
sft-task-32b-3156659,tablecloth,third,0.9966592427616926,0.9986708019494904,0.9760479041916168,0.9939759036144579,0.9879275653923542,0.9939759036144579,1
sft-task-32b-3156659,turtlebot,first,0.44836272040302266,0.41238839285714285,0.3288590604026846,0.5379876796714579,0.29690721649484536,0.3860369609856263,1
sft-task-32b-3156659,turtlebot,second,0.9182266009852217,0.9182115594329335,0.936,0.9315068493150686,0.8591065292096222,0.8972602739726028,1
sft-task-32b-3156659,turtlebot,third,0.6359945872801083,0.6054451802796174,0.689119170984456,0.8013620885357549,0.6689419795221844,0.5834279228149829,1
sft-task-32b-3156659,uazbus,first,0.35494155154091395,0.37800687285223367,0.2807017543859649,0.48581560283687936,0.24199288256227758,0.30141843971631205,1
sft-task-32b-3156659,uazbus,second,0.827893175074184,0.8352313680265244,0.8536585365853658,0.8755760368663595,0.7875288683602771,0.7857142857142858,1
sft-task-32b-3156659,uazbus,third,0.8838235294117647,0.9180089972427804,0.9559748427672956,0.9761904761904762,0.954653937947494,0.9023809523809524,1
sft-task-32b-3156659,veh_app,first,0.4013104013104013,0.4192916889126179,0.2876712328767123,0.5064748201438848,0.21645021645021648,0.2964028776978417,0
sft-task-32b-3156659,veh_app,second,0.8164275111331024,0.8087939964062996,0.9128440366972477,0.9540034071550256,0.9197952218430034,0.8603066439522998,1
sft-task-32b-3156659,veh_app,third,0.8516949152542372,0.8608601373328515,0.9128630705394191,0.9556213017751478,0.9214814814814815,0.8624260355029586,1
sft-task-32b-3156659,vehros,first,0.5052631578947369,0.5569437770302739,0.36496350364963503,0.5532879818594103,0.27790432801822323,0.44897959183673475,1
sft-task-32b-3156659,vehros,second,0.713487629688747,0.7497020262216925,0.8322981366459627,0.8662068965517242,0.7773167358229599,0.7172413793103449,1
sft-task-32b-3156659,vehros,third,0.7258938244853738,0.7667249672059466,0.7808219178082192,0.901846452866861,0.8218111002921129,0.7560738581146745,1
sft-task-32b-3156659,viper,first,0.40298507462686567,0.4688293370944993,0.3141025641025641,0.5213483146067416,0.25282167042889386,0.3730337078651686,1
sft-task-32b-3156659,viper,second,0.9836601307189542,0.9774632147513503,1.0,1.0,0.9857142857142858,0.9772079772079773,1
sft-task-32b-3156659,viper,third,0.8935128518971848,0.8591029023746701,0.773109243697479,0.9079229122055674,0.843010752688172,0.8779443254817988,1
sft-task-32b-lr2x-3156662,art,first,0.45248107653490327,0.5187436676798379,0.4385026737967914,0.6439716312056737,0.36415362731152207,0.4028368794326241,1
sft-task-32b-lr2x-3156662,art,second,1.0,1.0,1.0,1.0,1.0,1.0,1
sft-task-32b-lr2x-3156662,art,third,0.9806138933764136,0.9855381336580911,1.0,1.0,0.9922879177377892,0.9846153846153847,1
sft-task-32b-lr2x-3156662,beam,first,0.3886162904808636,0.40717299578059074,0.3160919540229885,0.4540727902946274,0.25043478260869567,0.3500866551126517,1
sft-task-32b-lr2x-3156662,beam,second,0.6747614917606245,0.6792043399638337,0.75177304964539,0.7352024922118381,0.6625,0.691588785046729,1
sft-task-32b-lr2x-3156662,beam,third,0.9876543209876543,0.9626636946224575,0.9708029197080292,0.9903846153846154,0.9734939759036145,0.9807692307692308,1
sft-task-32b-lr2x-3156662,buckling,first,0.26725775807473084,0.20530629254063065,0.19767441860465115,0.2927927927927928,0.15575620767494355,0.20045045045045043,1
sft-task-32b-lr2x-3156662,buckling,second,1.0,0.9846889952153111,1.0,1.0,1.0,1.0,1
sft-task-32b-lr2x-3156662,buckling,third,0.9113257243195786,0.9319766346335029,0.6970954356846473,0.893455098934551,0.7804878048780487,0.8691019786910198,1
sft-task-32b-lr2x-3156662,cable,first,0.3533487297921478,0.3321637426900585,0.2655367231638418,0.4666666666666666,0.2510460251046025,0.3416666666666667,1
sft-task-32b-lr2x-3156662,cable,second,1.0,0.9944642151047846,1.0,1.0,1.0,1.0,1
sft-task-32b-lr2x-3156662,cable,third,0.4858689116055322,0.40157386431381903,0.595,0.5793991416309013,0.3956989247311828,0.43991416309012876,1
sft-task-32b-lr2x-3156662,camera,first,0.12658227848101267,0.11893764434180139,0.18716577540106952,0.2660098522167488,0.16803953871499178,0.19376026272577995,0
sft-task-32b-lr2x-3156662,camera,second,0.9419795221843004,0.8954030646235843,0.9876543209876543,0.9953917050691244,0.9861431870669746,0.9101382488479263,1
sft-task-32b-lr2x-3156662,camera,third,0.933420365535248,0.9378921756947113,0.8352941176470589,0.9339305711086225,0.9023569023569022,0.9204927211646137,1
sft-task-32b-lr2x-3156662,citybus,first,0.5118483412322274,0.498455949137148,0.41208791208791207,0.584518167456556,0.329635499207607,0.37282780410742494,1
sft-task-32b-lr2x-3156662,citybus,second,0.9800796812749004,0.969097651421508,0.9735099337748344,0.9834815756035579,0.9783439490445859,0.9834815756035579,1
sft-task-32b-lr2x-3156662,citybus,third,0.9967105263157895,0.997992277992278,0.9866666666666667,0.9974293059125964,0.9948453608247423,0.9974293059125964,1
sft-task-32b-lr2x-3156662,curiosity,first,0.4959349593495935,0.4520383693045564,0.2905405405405405,0.5048543689320388,0.25853658536585367,0.3980582524271845,1
sft-task-32b-lr2x-3156662,curiosity,second,0.9728555917480999,0.973690932311622,0.9537037037037037,0.9647058823529413,0.9173228346456693,0.9529411764705883,1
sft-task-32b-lr2x-3156662,curiosity,third,0.7130872483221476,0.6133968038082285,0.5795454545454546,0.8016643550624133,0.7009735744089013,0.6518723994452149,1
sft-task-32b-lr2x-3156662,feda,first,0.42744063324538256,0.4135948596550558,0.3582089552238806,0.5923753665689149,0.3352941176470588,0.3313782991202346,1
sft-task-32b-lr2x-3156662,feda,second,0.8862094951017332,0.9085948158253752,0.8433734939759037,0.9111389236545684,0.863237139272271,0.8936170212765957,1
sft-task-32b-lr2x-3156662,feda,third,0.7217391304347827,0.7519408502772643,0.7828282828282829,0.8760162601626017,0.7841140529531568,0.7479674796747967,1
sft-task-32b-lr2x-3156662,gator,first,0.4083769633507853,0.4461215932914046,0.34911242603550297,0.4815465729349737,0.2716049382716049,0.3163444639718805,1
sft-task-32b-lr2x-3156662,gator,second,0.856824512534819,0.716915995397008,0.8171428571428572,0.8553230209281164,0.7748404740200548,0.8007279344858963,1
sft-task-32b-lr2x-3156662,gator,third,0.9867109634551495,0.9807874015748032,0.993006993006993,0.9973614775725593,0.9867724867724867,0.9868073878627969,1
sft-task-32b-lr2x-3156662,gear,first,0.26380368098159507,0.2030916174437602,0.35526315789473684,0.4745308310991958,0.2768817204301075,0.3190348525469169,1
sft-task-32b-lr2x-3156662,gear,second,1.0,0.8044257760475361,1.0,1.0,1.0,1.0,1
sft-task-32b-lr2x-3156662,gear,third,0.9070866141732283,0.8941393631748962,0.8141025641025641,0.9164345403899721,0.8758716875871688,0.8969359331476323,0
sft-task-32b-lr2x-3156662,gps_imu,first,0.31877394636015327,0.3177882424426553,0.27350427350427353,0.47556142668428003,0.21456953642384105,0.29854689564068687,1
sft-task-32b-lr2x-3156662,gps_imu,second,0.7925497752087347,0.8155900396968604,0.7487684729064039,0.8079331941544885,0.7949790794979079,0.7828810020876826,1
sft-task-32b-lr2x-3156662,gps_imu,third,0.940552016985138,0.9654888224992274,0.9041095890410958,0.9683098591549296,0.947089947089947,0.9436619718309859,1
sft-task-32b-lr2x-3156662,handler,first,0.5900621118012422,0.5901981230448383,0.4276729559748428,0.6134751773049645,0.3274021352313167,0.4929078014184397,1
sft-task-32b-lr2x-3156662,handler,second,0.3715670436187399,0.4069264069264069,0.39344262295081966,0.37822349570200575,0.3688760806916427,0.37822349570200575,1
sft-task-32b-lr2x-3156662,handler,third,0.7265917602996255,0.7515470297029703,0.6988636363636364,0.8435013262599469,0.7393617021276594,0.7241379310344827,1
sft-task-32b-lr2x-3156662,hmmwv,first,0.3648780487804878,0.3408783130199265,0.31891891891891894,0.47896440129449847,0.20129870129870134,0.28478964401294493,1
sft-task-32b-lr2x-3156662,hmmwv,second,0.7325,0.7588912795848627,0.6311111111111111,0.7798353909465022,0.6907216494845361,0.7263374485596709,1
sft-task-32b-lr2x-3156662,hmmwv,third,0.7833910034602076,0.7910265125764786,0.8742857142857143,0.9185520361990951,0.8435374149659864,0.7828054298642534,1
sft-task-32b-lr2x-3156662,kraz,first,0.42286751361161523,0.2882657617431684,0.30927835051546393,0.5420560747663551,0.296875,0.3395638629283489,0
sft-task-32b-lr2x-3156662,kraz,second,0.7722342733188721,0.7920341394025604,0.8214285714285714,0.8600223964165733,0.749719416386083,0.7525195968645016,1
sft-task-32b-lr2x-3156662,kraz,third,0.6383480825958702,0.7035467320990408,0.5529953917050692,0.7782974742750235,0.5885660731021555,0.64733395696913,1
sft-task-32b-lr2x-3156662,lidar,first,0.36767317939609234,0.30036630036630035,0.2648401826484018,0.5131195335276968,0.2309941520467836,0.30612244897959184,1
sft-task-32b-lr2x-3156662,lidar,second,0.6023936170212766,0.6196884603157783,0.5435897435897435,0.7144259077526987,0.4936086529006883,0.5142296368989204,1
sft-task-32b-lr2x-3156662,lidar,third,0.6659804426145136,0.6735963193320269,0.6118143459915611,0.7873888439773646,0.6720647773279353,0.6257073565076798,1
sft-task-32b-lr2x-3156662,m113,first,0.35236220472440943,0.41014084507042253,0.3155080213903743,0.5140961857379768,0.2728785357737105,0.3117744610281924,1
sft-task-32b-lr2x-3156662,m113,second,0.9019908116385911,0.8975664968873798,0.8228571428571428,0.9128834355828221,0.8634686346863468,0.8932515337423313,1
sft-task-32b-lr2x-3156662,m113,third,0.8762306610407876,0.901869796642555,0.9011627906976745,0.949886104783599,0.910958904109589,0.8861047835990888,1
sft-task-32b-lr2x-3156662,man,first,0.37378210806023027,0.42420897718910966,0.3058252427184466,0.5339366515837104,0.3086232980332829,0.3438914027149321,1
sft-task-32b-lr2x-3156662,man,second,0.9648405560098119,0.9624605678233439,0.9166666666666666,0.9651612903225807,0.9417852522639069,0.9548387096774194,1
sft-task-32b-lr2x-3156662,man,third,0.6747385800770501,0.6948692916802256,0.7404255319148936,0.8433303491495076,0.7730941704035874,0.6982990152193375,1
sft-task-32b-lr2x-3156662,mass_spring_damper,first,0.4981949458483754,0.5193918709277071,0.31690140845070425,0.4567627494456763,0.2583518930957684,0.35476718403547675,1
sft-task-32b-lr2x-3156662,mass_spring_damper,second,0.7644305772230889,0.718791312559018,0.8981481481481481,0.9610738255033557,0.9152086137281293,0.7436241610738256,1
sft-task-32b-lr2x-3156662,mass_spring_damper,third,0.9075182967398536,0.9173553719008265,0.8541666666666666,0.9308755760368662,0.8937644341801384,0.9032258064516128,1
sft-task-32b-lr2x-3156662,particles,first,0.2678983833718245,0.2542043984476067,0.21428571428571427,0.33471645919778703,0.13314840499306516,0.2019363762102351,1
sft-task-32b-lr2x-3156662,particles,second,0.8403041825095057,0.8549268912905277,0.9375,0.9574468085106381,0.9123222748815165,0.9007092198581559,1
sft-task-32b-lr2x-3156662,particles,third,0.9286097691894794,0.9407382323061294,0.9662921348314607,0.9667003027245207,0.9464105156723965,0.9142280524722503,1
sft-task-32b-lr2x-3156662,pendulum,first,0.3634408602150538,0.5066091178850822,0.42962962962962964,0.5214007782101167,0.265625,0.4163424124513619,1
sft-task-32b-lr2x-3156662,pendulum,second,0.9384615384615385,0.9341034392228932,0.8679245283018868,0.9312977099236641,0.8773946360153256,0.9236641221374046,1
sft-task-32b-lr2x-3156662,pendulum,third,0.8037238169123352,0.910110187512082,0.9411764705882353,0.9700910273081924,0.925684485006519,0.8894668400520156,1
sft-task-32b-lr2x-3156662,rigid_highway,first,0.2851782363977486,0.25888324873096447,0.3333333333333333,0.46757164404223234,0.20877458396369136,0.25641025641025644,1
sft-task-32b-lr2x-3156662,rigid_highway,second,0.9242021276595744,0.9203268641470889,0.9302325581395349,0.9353128313891834,0.9139213602550479,0.926829268292683,1
sft-task-32b-lr2x-3156662,rigid_highway,third,0.9670498084291188,0.980025865785314,0.9810126582278481,0.9866342648845686,0.9792935444579781,0.976913730255164,1
sft-task-32b-lr2x-3156662,rigid_multipatches,first,0.3948051948051948,0.5056997665155886,0.39303482587064675,0.5643447461629281,0.31715976331360946,0.4155844155844155,1
sft-task-32b-lr2x-3156662,rigid_multipatches,second,0.9032258064516129,0.8890341559078281,0.8905109489051095,0.9221183800623053,0.865625,0.8940809968847352,1
sft-task-32b-lr2x-3156662,rigid_multipatches,third,0.9849812265331664,0.9579183266932271,1.0,1.0,0.9934354485776805,0.980349344978166,1
sft-task-32b-lr2x-3156662,rotor,first,0.2880720180045011,0.40502092050209204,0.24545454545454545,0.4044321329639889,0.19722222222222224,0.29362880886426596,1
sft-task-32b-lr2x-3156662,rotor,second,0.996319018404908,0.9716244002741604,0.9617834394904459,0.9931350114416476,0.9862385321100917,0.9931350114416476,1
sft-task-32b-lr2x-3156662,rotor,third,0.8936392075078207,0.9251510925151093,0.8947368421052632,0.9510086455331412,0.8681424446583254,0.8952929875120077,1
sft-task-32b-lr2x-3156662,scm,first,0.3580705009276438,0.36391333784698715,0.25961538461538464,0.4853168469860896,0.25736434108527134,0.3029366306027821,1
sft-task-32b-lr2x-3156662,scm,second,0.6980781153130812,0.6729879218873462,0.7263681592039801,0.8351012536162006,0.7381642512077293,0.686595949855352,1
sft-task-32b-lr2x-3156662,scm,third,0.6932354483481908,0.7051762940735183,0.6733870967741935,0.8034782608695652,0.7073170731707317,0.697391304347826,1
sft-task-32b-lr2x-3156662,scm_hill,first,0.270042194092827,0.3302840635532017,0.3059360730593607,0.5054644808743171,0.2136986301369863,0.27322404371584696,1
sft-task-32b-lr2x-3156662,scm_hill,second,0.6974032856385798,0.676112510495382,0.7642276422764228,0.8700959023539669,0.7877729257641922,0.7131647776809066,1
sft-task-32b-lr2x-3156662,scm_hill,third,0.9500423370025403,0.9507563566140972,0.918918918918919,0.9531459170013387,0.9395973154362416,0.9504685408299866,1
sft-task-32b-lr2x-3156662,sedan,first,0.34305317324185247,0.31033262561924985,0.29439252336448596,0.497841726618705,0.22510822510822512,0.2474820143884892,1
sft-task-32b-lr2x-3156662,sedan,second,0.7469725940089229,0.786421841024402,0.7745664739884393,0.7943548387096774,0.6404040404040403,0.7681451612903225,1
sft-task-32b-lr2x-3156662,sedan,third,0.7706013363028953,0.7529118136439268,0.6176470588235294,0.8108108108108109,0.7065462753950338,0.7387387387387386,1
sft-task-32b-lr2x-3156662,sensros,first,0.40092699884125144,0.38695106649937266,0.2882882882882883,0.43666323377960864,0.19607843137254902,0.3192584963954686,1
sft-task-32b-lr2x-3156662,sensros,second,0.2302839116719243,0.23735472254051398,0.26666666666666666,0.23066485753052918,0.22585034013605443,0.23066485753052918,1
sft-task-32b-lr2x-3156662,sensros,third,0.8353246753246754,0.8001332445036642,0.7,0.8270270270270271,0.8267148014440433,0.8270270270270271,0
sft-task-32b-lr2x-3156662,slider_crank,first,0.40308747855917665,0.45523885989562424,0.4057971014492754,0.5150214592274679,0.2898134863701578,0.3834048640915594,1
sft-task-32b-lr2x-3156662,slider_crank,second,0.7881967213114754,0.7783455764931332,0.6627218934911243,0.8587319243604005,0.8071348940914157,0.8120133481646273,1
sft-task-32b-lr2x-3156662,slider_crank,third,0.9817671809256662,0.9311879493324204,0.9104477611940298,0.9753694581280788,0.9530864197530864,0.9729064039408867,1
sft-task-32b-lr2x-3156662,tablecloth,first,0.384419983065199,0.40850202429149796,0.26804123711340205,0.3793626707132019,0.1339421613394216,0.27921092564491656,1
sft-task-32b-lr2x-3156662,tablecloth,second,0.8283752860411899,0.7729573391178597,0.8837209302325582,0.9191919191919192,0.8461538461538461,0.8383838383838383,1
sft-task-32b-lr2x-3156662,tablecloth,third,0.1772406847935549,0.19032387045181928,0.22807017543859648,0.20921985815602837,0.20640569395017794,0.20921985815602837,1
sft-task-32b-lr2x-3156662,turtlebot,first,0.3887468030690537,0.42599067599067597,0.3472222222222222,0.5555555555555556,0.3347639484978541,0.4145299145299145,1
sft-task-32b-lr2x-3156662,turtlebot,second,0.9051383399209486,0.9187009127573763,0.9296875,0.966996699669967,0.9039735099337748,0.9075907590759076,1
sft-task-32b-lr2x-3156662,turtlebot,third,0.6178217821782178,0.5792086228903701,0.7035175879396985,0.7939590075512406,0.6767567567567567,0.5566343042071198,1
sft-task-32b-lr2x-3156662,uazbus,first,0.3912611717974181,0.36705882352941177,0.26344086021505375,0.5054945054945055,0.22992125984251968,0.30455259026687603,1
sft-task-32b-lr2x-3156662,uazbus,second,0.7901785714285714,0.7678848596020883,0.8224852071005917,0.8663594470046083,0.7782909930715934,0.7972350230414746,1
sft-task-32b-lr2x-3156662,uazbus,third,0.8268497330282227,0.8515601332929416,0.8881987577639752,0.9245982694684796,0.872366790582404,0.8281829419035848,1
sft-task-32b-lr2x-3156662,veh_app,first,0.3671274961597542,0.3505912432086929,0.3665158371040724,0.592885375494071,0.31704095112285335,0.3689064558629776,1
sft-task-32b-lr2x-3156662,veh_app,second,0.4325581395348837,0.4952021393739185,0.4325581395348837,0.5031766200762389,0.49936305732484076,0.5031766200762389,0
sft-task-32b-lr2x-3156662,veh_app,third,0.6662958843159066,0.6543065008214034,0.5907172995780591,0.6698473282442748,0.655831739961759,0.6698473282442748,1
sft-task-32b-lr2x-3156662,vehros,first,0.4980744544287548,0.5270674959686709,0.3732394366197183,0.5140388768898487,0.22559652928416485,0.42332613390928725,1
sft-task-32b-lr2x-3156662,vehros,second,0.733102253032929,0.7736585365853659,0.6871165644171779,0.8262195121951218,0.7859327217125383,0.728658536585366,1
sft-task-32b-lr2x-3156662,vehros,third,0.7630057803468208,0.8087994383337234,0.8235294117647058,0.9120992761116855,0.8393782383419688,0.7817993795243019,1
sft-task-32b-lr2x-3156662,viper,first,0.47665847665847666,0.45447389136709526,0.2909090909090909,0.5249457700650759,0.261437908496732,0.386117136659436,1
sft-task-32b-lr2x-3156662,viper,second,0.9836601307189542,0.9785567779228044,1.0,1.0,0.9857142857142858,0.9772079772079773,1
sft-task-32b-lr2x-3156662,viper,third,0.8974042027194067,0.8600844772967265,0.7666666666666667,0.8969957081545065,0.8448275862068965,0.8798283261802575,1
